[{"model": "admin.logentry", "pk": 1, "fields": {"action_time": "2022-06-13T09:43:26.110Z", "user": 1, "content_type": 4, "object_id": "2", "object_repr": "gapa", "action_flag": 1, "change_message": "[{\"added\": {}}]"}}, {"model": "admin.logentry", "pk": 2, "fields": {"action_time": "2022-06-13T09:43:38.851Z", "user": 1, "content_type": 4, "object_id": "2", "object_repr": "gapa", "action_flag": 2, "change_message": "[{\"changed\": {\"fields\": [\"First name\", \"Last name\", \"Email address\"]}}]"}}, {"model": "admin.logentry", "pk": 3, "fields": {"action_time": "2022-06-13T09:43:47.440Z", "user": 1, "content_type": 4, "object_id": "3", "object_repr": "panda", "action_flag": 1, "change_message": "[{\"added\": {}}]"}}, {"model": "admin.logentry", "pk": 4, "fields": {"action_time": "2022-06-13T09:43:56.304Z", "user": 1, "content_type": 4, "object_id": "3", "object_repr": "panda", "action_flag": 2, "change_message": "[{\"changed\": {\"fields\": [\"First name\", \"Last name\", \"Email address\"]}}]"}}, {"model": "admin.logentry", "pk": 5, "fields": {"action_time": "2022-06-13T09:44:09.550Z", "user": 1, "content_type": 9, "object_id": "1", "object_repr": "cereal", "action_flag": 1, "change_message": "[{\"added\": {}}]"}}, {"model": "admin.logentry", "pk": 6, "fields": {"action_time": "2022-06-13T09:44:17.207Z", "user": 1, "content_type": 9, "object_id": "2", "object_repr": "milk", "action_flag": 1, "change_message": "[{\"added\": {}}]"}}, {"model": "admin.logentry", "pk": 7, "fields": {"action_time": "2022-06-13T09:44:32.209Z", "user": 1, "content_type": 9, "object_id": "3", "object_repr": "sausage", "action_flag": 1, "change_message": "[{\"added\": {}}]"}}, {"model": "admin.logentry", "pk": 8, "fields": {"action_time": "2022-06-13T09:44:46.415Z", "user": 1, "content_type": 9, "object_id": "4", "object_repr": "bread", "action_flag": 1, "change_message": "[{\"added\": {}}]"}}, {"model": "admin.logentry", "pk": 9, "fields": {"action_time": "2022-06-13T09:45:04.367Z", "user": 1, "content_type": 11, "object_id": "1", "object_repr": "breakfast", "action_flag": 1, "change_message": "[{\"added\": {}}]"}}, {"model": "admin.logentry", "pk": 10, "fields": {"action_time": "2022-06-13T09:45:16.970Z", "user": 1, "content_type": 11, "object_id": "2", "object_repr": "lunch", "action_flag": 1, "change_message": "[{\"added\": {}}]"}}, {"model": "admin.logentry", "pk": 11, "fields": {"action_time": "2022-06-13T09:45:28.460Z", "user": 1, "content_type": 11, "object_id": "3", "object_repr": "dinner", "action_flag": 1, "change_message": "[{\"added\": {}}]"}}, {"model": "admin.logentry", "pk": 12, "fields": {"action_time": "2022-06-13T09:45:50.874Z", "user": 1, "content_type": 11, "object_id": "4", "object_repr": "fastfood", "action_flag": 1, "change_message": "[{\"added\": {}}]"}}, {"model": "admin.logentry", "pk": 13, "fields": {"action_time": "2022-06-13T09:48:46.832Z", "user": 1, "content_type": 12, "object_id": "1", "object_repr": "porige", "action_flag": 1, "change_message": "[{\"added\": {}}]"}}, {"model": "admin.logentry", "pk": 14, "fields": {"action_time": "2022-06-13T09:49:06.693Z", "user": 1, "content_type": 9, "object_id": "5", "object_repr": "ham", "action_flag": 1, "change_message": "[{\"added\": {}}]"}}, {"model": "admin.logentry", "pk": 15, "fields": {"action_time": "2022-06-13T09:49:15.842Z", "user": 1, "content_type": 9, "object_id": "6", "object_repr": "cheese", "action_flag": 1, "change_message": "[{\"added\": {}}]"}}, {"model": "admin.logentry", "pk": 16, "fields": {"action_time": "2022-06-13T09:49:51.386Z", "user": 1, "content_type": 12, "object_id": "2", "object_repr": "sandwich", "action_flag": 1, "change_message": "[{\"added\": {}}]"}}, {"model": "admin.logentry", "pk": 17, "fields": {"action_time": "2022-06-13T09:50:30.978Z", "user": 1, "content_type": 12, "object_id": "3", "object_repr": "hotdog", "action_flag": 1, "change_message": "[{\"added\": {}}]"}}, {"model": "admin.logentry", "pk": 18, "fields": {"action_time": "2022-06-13T09:50:46.915Z", "user": 1, "content_type": 10, "object_id": "1", "object_repr": "porige_cereal", "action_flag": 1, "change_message": "[{\"added\": {}}]"}}, {"model": "admin.logentry", "pk": 19, "fields": {"action_time": "2022-06-13T09:50:58.830Z", "user": 1, "content_type": 10, "object_id": "2", "object_repr": "porige_milk", "action_flag": 1, "change_message": "[{\"added\": {}}]"}}, {"model": "admin.logentry", "pk": 20, "fields": {"action_time": "2022-06-13T09:51:13.556Z", "user": 1, "content_type": 10, "object_id": "3", "object_repr": "sandwich_cheese", "action_flag": 1, "change_message": "[{\"added\": {}}]"}}, {"model": "admin.logentry", "pk": 21, "fields": {"action_time": "2022-06-13T09:51:25.610Z", "user": 1, "content_type": 10, "object_id": "4", "object_repr": "sandwich_ham", "action_flag": 1, "change_message": "[{\"added\": {}}]"}}, {"model": "admin.logentry", "pk": 22, "fields": {"action_time": "2022-06-13T09:51:31.867Z", "user": 1, "content_type": 10, "object_id": "5", "object_repr": "sandwich_bread", "action_flag": 1, "change_message": "[{\"added\": {}}]"}}, {"model": "admin.logentry", "pk": 23, "fields": {"action_time": "2022-06-13T09:51:39.806Z", "user": 1, "content_type": 10, "object_id": "6", "object_repr": "hotdog_sausage", "action_flag": 1, "change_message": "[{\"added\": {}}]"}}, {"model": "admin.logentry", "pk": 24, "fields": {"action_time": "2022-06-13T09:51:54.407Z", "user": 1, "content_type": 10, "object_id": "7", "object_repr": "hotdog_bread", "action_flag": 1, "change_message": "[{\"added\": {}}]"}}, {"model": "admin.logentry", "pk": 25, "fields": {"action_time": "2022-06-13T09:52:22.647Z", "user": 1, "content_type": 14, "object_id": "1", "object_repr": "gapa:hotdog", "action_flag": 1, "change_message": "[{\"added\": {}}]"}}, {"model": "admin.logentry", "pk": 26, "fields": {"action_time": "2022-06-13T11:22:39.843Z", "user": 1, "content_type": 4, "object_id": "2", "object_repr": "gapa", "action_flag": 2, "change_message": "[{\"changed\": {\"fields\": [\"password\"]}}]"}}, {"model": "admin.logentry", "pk": 27, "fields": {"action_time": "2022-06-13T11:39:02.289Z", "user": 1, "content_type": 14, "object_id": "2", "object_repr": "panda:hotdog", "action_flag": 1, "change_message": "[{\"added\": {}}]"}}, {"model": "admin.logentry", "pk": 28, "fields": {"action_time": "2022-06-13T11:41:20.811Z", "user": 1, "content_type": 14, "object_id": "1", "object_repr": "gapa:hotdog", "action_flag": 3, "change_message": ""}}, {"model": "admin.logentry", "pk": 29, "fields": {"action_time": "2022-06-13T12:23:11.976Z", "user": 1, "content_type": 14, "object_id": "3", "object_repr": "gapa:porige", "action_flag": 3, "change_message": ""}}, {"model": "admin.logentry", "pk": 30, "fields": {"action_time": "2022-06-13T12:28:35.390Z", "user": 1, "content_type": 14, "object_id": "2", "object_repr": "panda:hotdog", "action_flag": 3, "change_message": ""}}, {"model": "admin.logentry", "pk": 31, "fields": {"action_time": "2022-06-13T12:32:27.123Z", "user": 1, "content_type": 14, "object_id": "4", "object_repr": "gapa:porige", "action_flag": 3, "change_message": ""}}, {"model": "admin.logentry", "pk": 32, "fields": {"action_time": "2022-06-13T14:18:36.255Z", "user": 1, "content_type": 14, "object_id": "5", "object_repr": "gapa:porige", "action_flag": 3, "change_message": ""}}, {"model": "admin.logentry", "pk": 33, "fields": {"action_time": "2022-06-13T14:21:41.308Z", "user": 1, "content_type": 15, "object_id": "1", "object_repr": "gapa:porige", "action_flag": 3, "change_message": ""}}, {"model": "admin.logentry", "pk": 34, "fields": {"action_time": "2022-06-13T14:22:59.255Z", "user": 1, "content_type": 14, "object_id": "6", "object_repr": "gapa:porige", "action_flag": 3, "change_message": ""}}, {"model": "admin.logentry", "pk": 35, "fields": {"action_time": "2022-06-13T14:27:01.973Z", "user": 1, "content_type": 14, "object_id": "7", "object_repr": "gapa:porige", "action_flag": 3, "change_message": ""}}, {"model": "admin.logentry", "pk": 36, "fields": {"action_time": "2022-06-13T14:37:58.738Z", "user": 1, "content_type": 14, "object_id": "8", "object_repr": "gapa:porige", "action_flag": 3, "change_message": ""}}, {"model": "admin.logentry", "pk": 37, "fields": {"action_time": "2022-06-13T14:40:43.708Z", "user": 1, "content_type": 14, "object_id": "9", "object_repr": "gapa:porige", "action_flag": 3, "change_message": ""}}, {"model": "admin.logentry", "pk": 38, "fields": {"action_time": "2022-06-13T14:42:45.139Z", "user": 1, "content_type": 14, "object_id": "10", "object_repr": "gapa:porige", "action_flag": 3, "change_message": ""}}, {"model": "admin.logentry", "pk": 39, "fields": {"action_time": "2022-06-13T14:44:55.209Z", "user": 1, "content_type": 14, "object_id": "11", "object_repr": "gapa:porige", "action_flag": 3, "change_message": ""}}, {"model": "admin.logentry", "pk": 40, "fields": {"action_time": "2022-06-13T14:51:30.885Z", "user": 1, "content_type": 14, "object_id": "12", "object_repr": "gapa:porige", "action_flag": 3, "change_message": ""}}, {"model": "admin.logentry", "pk": 41, "fields": {"action_time": "2022-06-13T14:52:13.536Z", "user": 1, "content_type": 14, "object_id": "13", "object_repr": "gapa:porige", "action_flag": 3, "change_message": ""}}, {"model": "admin.logentry", "pk": 42, "fields": {"action_time": "2022-06-13T19:32:51.941Z", "user": 1, "content_type": 14, "object_id": "14", "object_repr": "gapa:porige", "action_flag": 3, "change_message": ""}}, {"model": "admin.logentry", "pk": 43, "fields": {"action_time": "2022-06-19T19:43:27.295Z", "user": 1, "content_type": 12, "object_id": "4", "object_repr": "applepie", "action_flag": 1, "change_message": "[{\"added\": {}}]"}}, {"model": "admin.logentry", "pk": 44, "fields": {"action_time": "2022-06-19T19:43:41.876Z", "user": 1, "content_type": 9, "object_id": "7", "object_repr": "sugar", "action_flag": 1, "change_message": "[{\"added\": {}}]"}}, {"model": "admin.logentry", "pk": 45, "fields": {"action_time": "2022-06-19T19:43:52.163Z", "user": 1, "content_type": 9, "object_id": "8", "object_repr": "flour", "action_flag": 1, "change_message": "[{\"added\": {}}]"}}, {"model": "admin.logentry", "pk": 46, "fields": {"action_time": "2022-06-19T19:44:07.310Z", "user": 1, "content_type": 9, "object_id": "9", "object_repr": "eggs", "action_flag": 1, "change_message": "[{\"added\": {}}]"}}, {"model": "admin.logentry", "pk": 47, "fields": {"action_time": "2022-06-19T19:44:30.128Z", "user": 1, "content_type": 9, "object_id": "10", "object_repr": "apples", "action_flag": 1, "change_message": "[{\"added\": {}}]"}}, {"model": "admin.logentry", "pk": 48, "fields": {"action_time": "2022-06-19T19:44:41.991Z", "user": 1, "content_type": 10, "object_id": "8", "object_repr": "applepie_apples", "action_flag": 1, "change_message": "[{\"added\": {}}]"}}, {"model": "admin.logentry", "pk": 49, "fields": {"action_time": "2022-06-19T19:44:54.943Z", "user": 1, "content_type": 10, "object_id": "9", "object_repr": "applepie_flour", "action_flag": 1, "change_message": "[{\"added\": {}}]"}}, {"model": "admin.logentry", "pk": 50, "fields": {"action_time": "2022-06-19T19:45:05.889Z", "user": 1, "content_type": 10, "object_id": "10", "object_repr": "applepie_sugar", "action_flag": 1, "change_message": "[{\"added\": {}}]"}}, {"model": "admin.logentry", "pk": 51, "fields": {"action_time": "2022-06-19T19:45:32.687Z", "user": 1, "content_type": 10, "object_id": "11", "object_repr": "applepie_milk", "action_flag": 1, "change_message": "[{\"added\": {}}]"}}, {"model": "admin.logentry", "pk": 52, "fields": {"action_time": "2022-06-19T19:46:09.097Z", "user": 1, "content_type": 4, "object_id": "4", "object_repr": "povar", "action_flag": 1, "change_message": "[{\"added\": {}}]"}}, {"model": "admin.logentry", "pk": 53, "fields": {"action_time": "2022-06-19T19:46:33.940Z", "user": 1, "content_type": 4, "object_id": "4", "object_repr": "povar", "action_flag": 2, "change_message": "[{\"changed\": {\"fields\": [\"First name\", \"Last name\", \"Email address\"]}}]"}}, {"model": "admin.logentry", "pk": 54, "fields": {"action_time": "2022-06-19T19:47:42.116Z", "user": 1, "content_type": 4, "object_id": "5", "object_repr": "chef", "action_flag": 1, "change_message": "[{\"added\": {}}]"}}, {"model": "admin.logentry", "pk": 55, "fields": {"action_time": "2022-06-19T19:48:05.284Z", "user": 1, "content_type": 4, "object_id": "5", "object_repr": "chef", "action_flag": 2, "change_message": "[{\"changed\": {\"fields\": [\"First name\", \"Last name\", \"Email address\"]}}]"}}, {"model": "admin.logentry", "pk": 56, "fields": {"action_time": "2022-06-21T07:37:20.913Z", "user": 1, "content_type": 9, "object_id": "11", "object_repr": "bread", "action_flag": 1, "change_message": "[{\"added\": {}}]"}}, {"model": "admin.logentry", "pk": 57, "fields": {"action_time": "2022-06-21T07:37:43.574Z", "user": 1, "content_type": 9, "object_id": "12", "object_repr": "cheese", "action_flag": 1, "change_message": "[{\"added\": {}}]"}}, {"model": "admin.logentry", "pk": 58, "fields": {"action_time": "2022-06-21T07:37:55.245Z", "user": 1, "content_type": 9, "object_id": "13", "object_repr": "ham", "action_flag": 1, "change_message": "[{\"added\": {}}]"}}, {"model": "admin.logentry", "pk": 59, "fields": {"action_time": "2022-06-21T07:38:18.644Z", "user": 1, "content_type": 10, "object_id": "12", "object_repr": "sandwich_bread", "action_flag": 1, "change_message": "[{\"added\": {}}]"}}, {"model": "admin.logentry", "pk": 60, "fields": {"action_time": "2022-06-21T07:38:31.169Z", "user": 1, "content_type": 10, "object_id": "13", "object_repr": "sandwich_ham", "action_flag": 1, "change_message": "[{\"added\": {}}]"}}, {"model": "admin.logentry", "pk": 61, "fields": {"action_time": "2022-06-21T07:38:51.114Z", "user": 1, "content_type": 10, "object_id": "14", "object_repr": "sandwich_cheese", "action_flag": 1, "change_message": "[{\"added\": {}}]"}}, {"model": "admin.logentry", "pk": 62, "fields": {"action_time": "2022-06-28T09:09:55.999Z", "user": 1, "content_type": 12, "object_id": "17", "object_repr": "tost", "action_flag": 3, "change_message": ""}}, {"model": "admin.logentry", "pk": 63, "fields": {"action_time": "2022-06-28T09:09:56.010Z", "user": 1, "content_type": 12, "object_id": "16", "object_repr": "tost", "action_flag": 3, "change_message": ""}}, {"model": "admin.logentry", "pk": 64, "fields": {"action_time": "2022-06-28T09:09:56.017Z", "user": 1, "content_type": 12, "object_id": "15", "object_repr": "tost", "action_flag": 3, "change_message": ""}}, {"model": "admin.logentry", "pk": 65, "fields": {"action_time": "2022-06-28T09:09:56.024Z", "user": 1, "content_type": 12, "object_id": "14", "object_repr": "tost", "action_flag": 3, "change_message": ""}}, {"model": "admin.logentry", "pk": 66, "fields": {"action_time": "2022-06-28T09:09:56.030Z", "user": 1, "content_type": 12, "object_id": "13", "object_repr": "tost", "action_flag": 3, "change_message": ""}}, {"model": "admin.logentry", "pk": 67, "fields": {"action_time": "2022-06-28T09:09:56.037Z", "user": 1, "content_type": 12, "object_id": "12", "object_repr": "tost", "action_flag": 3, "change_message": ""}}, {"model": "admin.logentry", "pk": 68, "fields": {"action_time": "2022-06-28T09:09:56.043Z", "user": 1, "content_type": 12, "object_id": "11", "object_repr": "tost", "action_flag": 3, "change_message": ""}}, {"model": "admin.logentry", "pk": 69, "fields": {"action_time": "2022-06-28T09:09:56.049Z", "user": 1, "content_type": 12, "object_id": "10", "object_repr": "tost", "action_flag": 3, "change_message": ""}}, {"model": "admin.logentry", "pk": 70, "fields": {"action_time": "2022-06-28T09:09:56.055Z", "user": 1, "content_type": 12, "object_id": "9", "object_repr": "tost", "action_flag": 3, "change_message": ""}}, {"model": "admin.logentry", "pk": 71, "fields": {"action_time": "2022-06-28T09:09:56.061Z", "user": 1, "content_type": 12, "object_id": "8", "object_repr": "tost", "action_flag": 3, "change_message": ""}}, {"model": "admin.logentry", "pk": 72, "fields": {"action_time": "2022-06-28T09:09:56.067Z", "user": 1, "content_type": 12, "object_id": "7", "object_repr": "tost", "action_flag": 3, "change_message": ""}}, {"model": "admin.logentry", "pk": 73, "fields": {"action_time": "2022-06-28T09:09:56.073Z", "user": 1, "content_type": 12, "object_id": "6", "object_repr": "tost", "action_flag": 3, "change_message": ""}}, {"model": "admin.logentry", "pk": 74, "fields": {"action_time": "2022-06-28T09:09:56.079Z", "user": 1, "content_type": 12, "object_id": "5", "object_repr": "tost", "action_flag": 3, "change_message": ""}}, {"model": "admin.logentry", "pk": 75, "fields": {"action_time": "2022-06-28T11:23:36.364Z", "user": 1, "content_type": 12, "object_id": "19", "object_repr": "tost", "action_flag": 3, "change_message": ""}}, {"model": "admin.logentry", "pk": 76, "fields": {"action_time": "2022-06-28T11:23:36.375Z", "user": 1, "content_type": 12, "object_id": "18", "object_repr": "tost", "action_flag": 3, "change_message": ""}}, {"model": "admin.logentry", "pk": 77, "fields": {"action_time": "2022-06-30T19:17:57.522Z", "user": 1, "content_type": 12, "object_id": "21", "object_repr": "tost", "action_flag": 3, "change_message": ""}}, {"model": "admin.logentry", "pk": 78, "fields": {"action_time": "2022-06-30T19:17:57.532Z", "user": 1, "content_type": 12, "object_id": "20", "object_repr": "tost", "action_flag": 3, "change_message": ""}}, {"model": "admin.logentry", "pk": 79, "fields": {"action_time": "2022-06-30T21:33:12.047Z", "user": 1, "content_type": 12, "object_id": "33", "object_repr": "tost", "action_flag": 3, "change_message": ""}}, {"model": "admin.logentry", "pk": 80, "fields": {"action_time": "2022-06-30T21:33:12.055Z", "user": 1, "content_type": 12, "object_id": "32", "object_repr": "tost", "action_flag": 3, "change_message": ""}}, {"model": "admin.logentry", "pk": 81, "fields": {"action_time": "2022-06-30T21:33:12.061Z", "user": 1, "content_type": 12, "object_id": "31", "object_repr": "tost", "action_flag": 3, "change_message": ""}}, {"model": "admin.logentry", "pk": 82, "fields": {"action_time": "2022-06-30T21:33:12.067Z", "user": 1, "content_type": 12, "object_id": "30", "object_repr": "tost", "action_flag": 3, "change_message": ""}}, {"model": "admin.logentry", "pk": 83, "fields": {"action_time": "2022-06-30T21:33:12.073Z", "user": 1, "content_type": 12, "object_id": "29", "object_repr": "tost", "action_flag": 3, "change_message": ""}}, {"model": "admin.logentry", "pk": 84, "fields": {"action_time": "2022-06-30T21:33:12.079Z", "user": 1, "content_type": 12, "object_id": "28", "object_repr": "tost", "action_flag": 3, "change_message": ""}}, {"model": "admin.logentry", "pk": 85, "fields": {"action_time": "2022-06-30T21:33:12.085Z", "user": 1, "content_type": 12, "object_id": "27", "object_repr": "tost", "action_flag": 3, "change_message": ""}}, {"model": "admin.logentry", "pk": 86, "fields": {"action_time": "2022-06-30T21:33:12.091Z", "user": 1, "content_type": 12, "object_id": "26", "object_repr": "tost", "action_flag": 3, "change_message": ""}}, {"model": "admin.logentry", "pk": 87, "fields": {"action_time": "2022-06-30T21:33:12.098Z", "user": 1, "content_type": 12, "object_id": "25", "object_repr": "tost", "action_flag": 3, "change_message": ""}}, {"model": "admin.logentry", "pk": 88, "fields": {"action_time": "2022-06-30T21:33:12.104Z", "user": 1, "content_type": 12, "object_id": "24", "object_repr": "tost", "action_flag": 3, "change_message": ""}}, {"model": "admin.logentry", "pk": 89, "fields": {"action_time": "2022-06-30T21:33:12.110Z", "user": 1, "content_type": 12, "object_id": "23", "object_repr": "tost", "action_flag": 3, "change_message": ""}}, {"model": "admin.logentry", "pk": 90, "fields": {"action_time": "2022-07-01T20:28:03.012Z", "user": 1, "content_type": 12, "object_id": "40", "object_repr": "tost", "action_flag": 3, "change_message": ""}}, {"model": "admin.logentry", "pk": 91, "fields": {"action_time": "2022-07-01T20:28:03.022Z", "user": 1, "content_type": 12, "object_id": "39", "object_repr": "tost", "action_flag": 3, "change_message": ""}}, {"model": "admin.logentry", "pk": 92, "fields": {"action_time": "2022-07-01T20:28:03.030Z", "user": 1, "content_type": 12, "object_id": "38", "object_repr": "tost", "action_flag": 3, "change_message": ""}}, {"model": "admin.logentry", "pk": 93, "fields": {"action_time": "2022-07-01T20:28:03.037Z", "user": 1, "content_type": 12, "object_id": "37", "object_repr": "tost", "action_flag": 3, "change_message": ""}}, {"model": "admin.logentry", "pk": 94, "fields": {"action_time": "2022-07-01T20:28:03.044Z", "user": 1, "content_type": 12, "object_id": "36", "object_repr": "tost", "action_flag": 3, "change_message": ""}}, {"model": "admin.logentry", "pk": 95, "fields": {"action_time": "2022-07-01T20:28:03.051Z", "user": 1, "content_type": 12, "object_id": "35", "object_repr": "tost", "action_flag": 3, "change_message": ""}}, {"model": "admin.logentry", "pk": 96, "fields": {"action_time": "2022-07-01T20:28:03.057Z", "user": 1, "content_type": 12, "object_id": "34", "object_repr": "tost", "action_flag": 3, "change_message": ""}}, {"model": "admin.logentry", "pk": 97, "fields": {"action_time": "2022-07-01T20:28:03.063Z", "user": 1, "content_type": 12, "object_id": "22", "object_repr": "tost", "action_flag": 3, "change_message": ""}}, {"model": "admin.logentry", "pk": 98, "fields": {"action_time": "2022-07-06T17:33:16.572Z", "user": 1, "content_type": 12, "object_id": "47", "object_repr": "tost", "action_flag": 3, "change_message": ""}}, {"model": "admin.logentry", "pk": 99, "fields": {"action_time": "2022-07-06T17:33:16.583Z", "user": 1, "content_type": 12, "object_id": "46", "object_repr": "tost", "action_flag": 3, "change_message": ""}}, {"model": "admin.logentry", "pk": 100, "fields": {"action_time": "2022-07-06T17:33:16.590Z", "user": 1, "content_type": 12, "object_id": "45", "object_repr": "tost", "action_flag": 3, "change_message": ""}}, {"model": "admin.logentry", "pk": 101, "fields": {"action_time": "2022-07-06T17:33:16.598Z", "user": 1, "content_type": 12, "object_id": "44", "object_repr": "tost", "action_flag": 3, "change_message": ""}}, {"model": "admin.logentry", "pk": 102, "fields": {"action_time": "2022-07-06T17:33:16.605Z", "user": 1, "content_type": 12, "object_id": "43", "object_repr": "tost", "action_flag": 3, "change_message": ""}}, {"model": "admin.logentry", "pk": 103, "fields": {"action_time": "2022-07-06T17:33:16.613Z", "user": 1, "content_type": 12, "object_id": "42", "object_repr": "tost", "action_flag": 3, "change_message": ""}}, {"model": "admin.logentry", "pk": 104, "fields": {"action_time": "2022-07-06T17:33:16.621Z", "user": 1, "content_type": 12, "object_id": "41", "object_repr": "tost", "action_flag": 3, "change_message": ""}}, {"model": "admin.logentry", "pk": 105, "fields": {"action_time": "2022-07-06T17:42:25.853Z", "user": 1, "content_type": 12, "object_id": "50", "object_repr": "tost", "action_flag": 3, "change_message": ""}}, {"model": "admin.logentry", "pk": 106, "fields": {"action_time": "2022-07-06T17:42:25.862Z", "user": 1, "content_type": 12, "object_id": "49", "object_repr": "tost", "action_flag": 3, "change_message": ""}}, {"model": "admin.logentry", "pk": 107, "fields": {"action_time": "2022-07-06T17:42:25.869Z", "user": 1, "content_type": 12, "object_id": "48", "object_repr": "tost", "action_flag": 3, "change_message": ""}}, {"model": "admin.logentry", "pk": 108, "fields": {"action_time": "2022-07-11T23:33:40.884Z", "user": 1, "content_type": 4, "object_id": "6", "object_repr": "belka", "action_flag": 1, "change_message": "[{\"added\": {}}]"}}, {"model": "admin.logentry", "pk": 109, "fields": {"action_time": "2022-07-11T23:35:12.247Z", "user": 1, "content_type": 4, "object_id": "6", "object_repr": "belka", "action_flag": 2, "change_message": "[{\"changed\": {\"fields\": [\"First name\", \"Last name\", \"Email address\"]}}]"}}, {"model": "admin.logentry", "pk": 110, "fields": {"action_time": "2022-07-11T23:40:21.600Z", "user": 1, "content_type": 4, "object_id": "6", "object_repr": "belka", "action_flag": 2, "change_message": "[]"}}, {"model": "admin.logentry", "pk": 111, "fields": {"action_time": "2022-07-12T00:22:39.359Z", "user": 1, "content_type": 4, "object_id": "6", "object_repr": "belka", "action_flag": 2, "change_message": "[{\"added\": {\"name\": \"follow\", \"object\": \"panda_on_belka\"}}]"}}, {"model": "admin.logentry", "pk": 112, "fields": {"action_time": "2022-07-12T00:30:32.406Z", "user": 1, "content_type": 16, "object_id": "3", "object_repr": "panda_on_belka", "action_flag": 3, "change_message": ""}}, {"model": "admin.logentry", "pk": 113, "fields": {"action_time": "2022-07-12T00:30:48.642Z", "user": 1, "content_type": 4, "object_id": "6", "object_repr": "belka", "action_flag": 2, "change_message": "[{\"added\": {\"name\": \"follow\", \"object\": \"gapa_on_belka\"}}]"}}, {"model": "admin.logentry", "pk": 114, "fields": {"action_time": "2022-07-12T00:31:20.348Z", "user": 1, "content_type": 16, "object_id": "4", "object_repr": "gapa_on_belka", "action_flag": 3, "change_message": ""}}, {"model": "admin.logentry", "pk": 115, "fields": {"action_time": "2022-07-12T00:31:35.429Z", "user": 1, "content_type": 4, "object_id": "6", "object_repr": "belka", "action_flag": 2, "change_message": "[{\"added\": {\"name\": \"follow\", \"object\": \"belka_on_gapa\"}}]"}}, {"model": "admin.logentry", "pk": 116, "fields": {"action_time": "2022-07-12T15:12:12.677Z", "user": 1, "content_type": 16, "object_id": "1", "object_repr": "gapa_on_panda", "action_flag": 3, "change_message": ""}}, {"model": "admin.logentry", "pk": 117, "fields": {"action_time": "2022-07-12T16:12:50.838Z", "user": 1, "content_type": 16, "object_id": "8", "object_repr": "gapa_on_gapa", "action_flag": 3, "change_message": ""}}, {"model": "admin.logentry", "pk": 118, "fields": {"action_time": "2022-07-12T16:12:50.850Z", "user": 1, "content_type": 16, "object_id": "7", "object_repr": "gapa_on_panda", "action_flag": 3, "change_message": ""}}, {"model": "admin.logentry", "pk": 119, "fields": {"action_time": "2022-07-12T16:12:50.857Z", "user": 1, "content_type": 16, "object_id": "5", "object_repr": "belka_on_gapa", "action_flag": 3, "change_message": ""}}, {"model": "admin.logentry", "pk": 120, "fields": {"action_time": "2022-07-12T16:19:50.737Z", "user": 1, "content_type": 16, "object_id": "9", "object_repr": "gapa_on_panda", "action_flag": 3, "change_message": ""}}, {"model": "admin.logentry", "pk": 121, "fields": {"action_time": "2022-07-12T16:20:57.497Z", "user": 1, "content_type": 16, "object_id": "10", "object_repr": "gapa_on_panda", "action_flag": 3, "change_message": ""}}, {"model": "admin.logentry", "pk": 122, "fields": {"action_time": "2022-07-12T18:29:43.680Z", "user": 1, "content_type": 16, "object_id": "12", "object_repr": "gapa_on_belka", "action_flag": 1, "change_message": "[{\"added\": {}}]"}}, {"model": "admin.logentry", "pk": 123, "fields": {"action_time": "2022-07-12T18:29:50.326Z", "user": 1, "content_type": 16, "object_id": "13", "object_repr": "gapa_on_admin", "action_flag": 1, "change_message": "[{\"added\": {}}]"}}, {"model": "admin.logentry", "pk": 124, "fields": {"action_time": "2022-07-12T18:57:11.449Z", "user": 1, "content_type": 15, "object_id": "3", "object_repr": "gapa:hotdog", "action_flag": 1, "change_message": "[{\"added\": {}}]"}}, {"model": "admin.logentry", "pk": 125, "fields": {"action_time": "2022-07-12T18:58:10.418Z", "user": 1, "content_type": 12, "object_id": "52", "object_repr": "buterbrod", "action_flag": 1, "change_message": "[{\"added\": {}}, {\"added\": {\"name\": \"\\u041a\\u043e\\u043b\\u0438\\u0447\\u0435\\u0441\\u0442\\u0432\\u043e \\u0438\\u043d\\u0433\\u0440\\u0438\\u0434\\u0438\\u0435\\u043d\\u0442\\u0430\", \"object\": \"buterbrod_bread\"}}, {\"added\": {\"name\": \"\\u041a\\u043e\\u043b\\u0438\\u0447\\u0435\\u0441\\u0442\\u0432\\u043e \\u0438\\u043d\\u0433\\u0440\\u0438\\u0434\\u0438\\u0435\\u043d\\u0442\\u0430\", \"object\": \"buterbrod_ham\"}}]"}}, {"model": "admin.logentry", "pk": 126, "fields": {"action_time": "2022-07-12T18:58:26.027Z", "user": 1, "content_type": 15, "object_id": "4", "object_repr": "gapa:buterbrod", "action_flag": 1, "change_message": "[{\"added\": {}}]"}}, {"model": "admin.logentry", "pk": 127, "fields": {"action_time": "2022-07-12T18:59:59.085Z", "user": 1, "content_type": 12, "object_id": "3", "object_repr": "hotdog", "action_flag": 2, "change_message": "[{\"added\": {\"name\": \"\\u041a\\u043e\\u043b\\u0438\\u0447\\u0435\\u0441\\u0442\\u0432\\u043e \\u0438\\u043d\\u0433\\u0440\\u0438\\u0434\\u0438\\u0435\\u043d\\u0442\\u0430\", \"object\": \"hotdog_bread\"}}]"}}, {"model": "admin.logentry", "pk": 128, "fields": {"action_time": "2022-07-12T19:19:05.169Z", "user": 1, "content_type": 12, "object_id": "3", "object_repr": "hotdog", "action_flag": 3, "change_message": ""}}, {"model": "admin.logentry", "pk": 129, "fields": {"action_time": "2022-07-12T19:19:46.448Z", "user": 1, "content_type": 9, "object_id": "14", "object_repr": "ketchup", "action_flag": 1, "change_message": "[{\"added\": {}}]"}}, {"model": "auth.permission", "pk": 1, "fields": {"name": "Can add log entry", "content_type": 1, "codename": "add_logentry"}}, {"model": "auth.permission", "pk": 2, "fields": {"name": "Can change log entry", "content_type": 1, "codename": "change_logentry"}}, {"model": "auth.permission", "pk": 3, "fields": {"name": "Can delete log entry", "content_type": 1, "codename": "delete_logentry"}}, {"model": "auth.permission", "pk": 4, "fields": {"name": "Can view log entry", "content_type": 1, "codename": "view_logentry"}}, {"model": "auth.permission", "pk": 5, "fields": {"name": "Can add permission", "content_type": 2, "codename": "add_permission"}}, {"model": "auth.permission", "pk": 6, "fields": {"name": "Can change permission", "content_type": 2, "codename": "change_permission"}}, {"model": "auth.permission", "pk": 7, "fields": {"name": "Can delete permission", "content_type": 2, "codename": "delete_permission"}}, {"model": "auth.permission", "pk": 8, "fields": {"name": "Can view permission", "content_type": 2, "codename": "view_permission"}}, {"model": "auth.permission", "pk": 9, "fields": {"name": "Can add group", "content_type": 3, "codename": "add_group"}}, {"model": "auth.permission", "pk": 10, "fields": {"name": "Can change group", "content_type": 3, "codename": "change_group"}}, {"model": "auth.permission", "pk": 11, "fields": {"name": "Can delete group", "content_type": 3, "codename": "delete_group"}}, {"model": "auth.permission", "pk": 12, "fields": {"name": "Can view group", "content_type": 3, "codename": "view_group"}}, {"model": "auth.permission", "pk": 13, "fields": {"name": "Can add user", "content_type": 4, "codename": "add_user"}}, {"model": "auth.permission", "pk": 14, "fields": {"name": "Can change user", "content_type": 4, "codename": "change_user"}}, {"model": "auth.permission", "pk": 15, "fields": {"name": "Can delete user", "content_type": 4, "codename": "delete_user"}}, {"model": "auth.permission", "pk": 16, "fields": {"name": "Can view user", "content_type": 4, "codename": "view_user"}}, {"model": "auth.permission", "pk": 17, "fields": {"name": "Can add content type", "content_type": 5, "codename": "add_contenttype"}}, {"model": "auth.permission", "pk": 18, "fields": {"name": "Can change content type", "content_type": 5, "codename": "change_contenttype"}}, {"model": "auth.permission", "pk": 19, "fields": {"name": "Can delete content type", "content_type": 5, "codename": "delete_contenttype"}}, {"model": "auth.permission", "pk": 20, "fields": {"name": "Can view content type", "content_type": 5, "codename": "view_contenttype"}}, {"model": "auth.permission", "pk": 21, "fields": {"name": "Can add session", "content_type": 6, "codename": "add_session"}}, {"model": "auth.permission", "pk": 22, "fields": {"name": "Can change session", "content_type": 6, "codename": "change_session"}}, {"model": "auth.permission", "pk": 23, "fields": {"name": "Can delete session", "content_type": 6, "codename": "delete_session"}}, {"model": "auth.permission", "pk": 24, "fields": {"name": "Can view session", "content_type": 6, "codename": "view_session"}}, {"model": "auth.permission", "pk": 25, "fields": {"name": "Can add Token", "content_type": 7, "codename": "add_token"}}, {"model": "auth.permission", "pk": 26, "fields": {"name": "Can change Token", "content_type": 7, "codename": "change_token"}}, {"model": "auth.permission", "pk": 27, "fields": {"name": "Can delete Token", "content_type": 7, "codename": "delete_token"}}, {"model": "auth.permission", "pk": 28, "fields": {"name": "Can view Token", "content_type": 7, "codename": "view_token"}}, {"model": "auth.permission", "pk": 29, "fields": {"name": "Can add token", "content_type": 8, "codename": "add_tokenproxy"}}, {"model": "auth.permission", "pk": 30, "fields": {"name": "Can change token", "content_type": 8, "codename": "change_tokenproxy"}}, {"model": "auth.permission", "pk": 31, "fields": {"name": "Can delete token", "content_type": 8, "codename": "delete_tokenproxy"}}, {"model": "auth.permission", "pk": 32, "fields": {"name": "Can view token", "content_type": 8, "codename": "view_tokenproxy"}}, {"model": "auth.permission", "pk": 33, "fields": {"name": "Can add Ингридиент", "content_type": 9, "codename": "add_ingredient"}}, {"model": "auth.permission", "pk": 34, "fields": {"name": "Can change Ингридиент", "content_type": 9, "codename": "change_ingredient"}}, {"model": "auth.permission", "pk": 35, "fields": {"name": "Can delete Ингридиент", "content_type": 9, "codename": "delete_ingredient"}}, {"model": "auth.permission", "pk": 36, "fields": {"name": "Can view Ингридиент", "content_type": 9, "codename": "view_ingredient"}}, {"model": "auth.permission", "pk": 37, "fields": {"name": "Can add Количество ингридиента", "content_type": 10, "codename": "add_ingredientrecipe"}}, {"model": "auth.permission", "pk": 38, "fields": {"name": "Can change Количество ингридиента", "content_type": 10, "codename": "change_ingredientrecipe"}}, {"model": "auth.permission", "pk": 39, "fields": {"name": "Can delete Количество ингридиента", "content_type": 10, "codename": "delete_ingredientrecipe"}}, {"model": "auth.permission", "pk": 40, "fields": {"name": "Can view Количество ингридиента", "content_type": 10, "codename": "view_ingredientrecipe"}}, {"model": "auth.permission", "pk": 41, "fields": {"name": "Can add Тег", "content_type": 11, "codename": "add_tag"}}, {"model": "auth.permission", "pk": 42, "fields": {"name": "Can change Тег", "content_type": 11, "codename": "change_tag"}}, {"model": "auth.permission", "pk": 43, "fields": {"name": "Can delete Тег", "content_type": 11, "codename": "delete_tag"}}, {"model": "auth.permission", "pk": 44, "fields": {"name": "Can view Тег", "content_type": 11, "codename": "view_tag"}}, {"model": "auth.permission", "pk": 45, "fields": {"name": "Can add Рецепт", "content_type": 12, "codename": "add_recipe"}}, {"model": "auth.permission", "pk": 46, "fields": {"name": "Can change Рецепт", "content_type": 12, "codename": "change_recipe"}}, {"model": "auth.permission", "pk": 47, "fields": {"name": "Can delete Рецепт", "content_type": 12, "codename": "delete_recipe"}}, {"model": "auth.permission", "pk": 48, "fields": {"name": "Can view Рецепт", "content_type": 12, "codename": "view_recipe"}}, {"model": "auth.permission", "pk": 49, "fields": {"name": "Can add follow", "content_type": 13, "codename": "add_follow"}}, {"model": "auth.permission", "pk": 50, "fields": {"name": "Can change follow", "content_type": 13, "codename": "change_follow"}}, {"model": "auth.permission", "pk": 51, "fields": {"name": "Can delete follow", "content_type": 13, "codename": "delete_follow"}}, {"model": "auth.permission", "pk": 52, "fields": {"name": "Can view follow", "content_type": 13, "codename": "view_follow"}}, {"model": "auth.permission", "pk": 53, "fields": {"name": "Can add Избранное", "content_type": 14, "codename": "add_favorite"}}, {"model": "auth.permission", "pk": 54, "fields": {"name": "Can change Избранное", "content_type": 14, "codename": "change_favorite"}}, {"model": "auth.permission", "pk": 55, "fields": {"name": "Can delete Избранное", "content_type": 14, "codename": "delete_favorite"}}, {"model": "auth.permission", "pk": 56, "fields": {"name": "Can view Избранное", "content_type": 14, "codename": "view_favorite"}}, {"model": "auth.permission", "pk": 57, "fields": {"name": "Can add Корзина", "content_type": 15, "codename": "add_cart"}}, {"model": "auth.permission", "pk": 58, "fields": {"name": "Can change Корзина", "content_type": 15, "codename": "change_cart"}}, {"model": "auth.permission", "pk": 59, "fields": {"name": "Can delete Корзина", "content_type": 15, "codename": "delete_cart"}}, {"model": "auth.permission", "pk": 60, "fields": {"name": "Can view Корзина", "content_type": 15, "codename": "view_cart"}}, {"model": "auth.permission", "pk": 61, "fields": {"name": "Can add follow", "content_type": 16, "codename": "add_follow"}}, {"model": "auth.permission", "pk": 62, "fields": {"name": "Can change follow", "content_type": 16, "codename": "change_follow"}}, {"model": "auth.permission", "pk": 63, "fields": {"name": "Can delete follow", "content_type": 16, "codename": "delete_follow"}}, {"model": "auth.permission", "pk": 64, "fields": {"name": "Can view follow", "content_type": 16, "codename": "view_follow"}}, {"model": "auth.user", "pk": 1, "fields": {"password": "pbkdf2_sha256$320000$VRQOtsX4Ztsk2vTdAOgzUR$qfBQuZrS3bF5wrMbZp7OjPQdZnKKdPTfaFQURTX/EK0=", "last_login": "2022-07-11T23:45:42.963Z", "is_superuser": true, "username": "admin", "first_name": "", "last_name": "", "email": "admin@yamdb.ru", "is_staff": true, "is_active": true, "date_joined": "2022-06-13T09:42:27.273Z", "groups": [], "user_permissions": []}}, {"model": "auth.user", "pk": 2, "fields": {"password": "pbkdf2_sha256$320000$gidBlPXNupRe8fTxm8ioZN$TDKGWXRp+x3/99GGfW4KicWkzk6GvaWMYjpn7fQmpbU=", "last_login": "2022-06-26T15:40:59.572Z", "is_superuser": false, "username": "gapa", "first_name": "Gapochka", "last_name": "Gapov", "email": "gapa@yamdb.ru", "is_staff": false, "is_active": true, "date_joined": "2022-06-13T09:43:25Z", "groups": [], "user_permissions": []}}, {"model": "auth.user", "pk": 3, "fields": {"password": "pbkdf2_sha256$320000$otboLTvcUN9O3N3pJU7x8e$HqsL7LjqbBHeU6bDiI4XYKXuMwgD8pacrTm4qOC8I/c=", "last_login": null, "is_superuser": false, "username": "panda", "first_name": "Pandochka", "last_name": "Pandov", "email": "panda@yambd.ru", "is_staff": false, "is_active": true, "date_joined": "2022-06-13T09:43:47Z", "groups": [], "user_permissions": []}}, {"model": "auth.user", "pk": 4, "fields": {"password": "pbkdf2_sha256$320000$4YdxTdaZZVTe0xRjxz89WJ$ACbemaXVluKz59lnISUbBPFW8Rm+m8vMNokejVOHqM8=", "last_login": null, "is_superuser": false, "username": "povar", "first_name": "Povareshka", "last_name": "Povarov", "email": "povar@yamdb.ru", "is_staff": false, "is_active": true, "date_joined": "2022-06-19T19:46:08Z", "groups": [], "user_permissions": []}}, {"model": "auth.user", "pk": 5, "fields": {"password": "pbkdf2_sha256$320000$qhsMNGOzw5BtOdBIuN5FXV$VEp5prqNLcAQtfigbKUkhDPN3s2vXSKbCMtRHzbA7QA=", "last_login": null, "is_superuser": false, "username": "chef", "first_name": "Monika", "last_name": "Geller", "email": "chef@yamdb.ru", "is_staff": false, "is_active": true, "date_joined": "2022-06-19T19:47:41Z", "groups": [], "user_permissions": []}}, {"model": "auth.user", "pk": 6, "fields": {"password": "pbkdf2_sha256$320000$v15FHp9x40uk4Gv1w7khCn$xlpYR1aucOMb1hPMzVJoIFjswTqQ+QxB0l1ssBeIcp0=", "last_login": null, "is_superuser": false, "username": "belka", "first_name": "Belochka", "last_name": "Belkina", "email": "belka@yamdb.ru", "is_staff": false, "is_active": true, "date_joined": "2022-07-11T23:33:40Z", "groups": [], "user_permissions": []}}, {"model": "contenttypes.contenttype", "pk": 1, "fields": {"app_label": "admin", "model": "logentry"}}, {"model": "contenttypes.contenttype", "pk": 2, "fields": {"app_label": "auth", "model": "permission"}}, {"model": "contenttypes.contenttype", "pk": 3, "fields": {"app_label": "auth", "model": "group"}}, {"model": "contenttypes.contenttype", "pk": 4, "fields": {"app_label": "auth", "model": "user"}}, {"model": "contenttypes.contenttype", "pk": 5, "fields": {"app_label": "contenttypes", "model": "contenttype"}}, {"model": "contenttypes.contenttype", "pk": 6, "fields": {"app_label": "sessions", "model": "session"}}, {"model": "contenttypes.contenttype", "pk": 7, "fields": {"app_label": "authtoken", "model": "token"}}, {"model": "contenttypes.contenttype", "pk": 8, "fields": {"app_label": "authtoken", "model": "tokenproxy"}}, {"model": "contenttypes.contenttype", "pk": 9, "fields": {"app_label": "recipes", "model": "ingredient"}}, {"model": "contenttypes.contenttype", "pk": 10, "fields": {"app_label": "recipes", "model": "ingredientrecipe"}}, {"model": "contenttypes.contenttype", "pk": 11, "fields": {"app_label": "recipes", "model": "tag"}}, {"model": "contenttypes.contenttype", "pk": 12, "fields": {"app_label": "recipes", "model": "recipe"}}, {"model": "contenttypes.contenttype", "pk": 13, "fields": {"app_label": "recipes", "model": "follow"}}, {"model": "contenttypes.contenttype", "pk": 14, "fields": {"app_label": "recipes", "model": "favorite"}}, {"model": "contenttypes.contenttype", "pk": 15, "fields": {"app_label": "recipes", "model": "cart"}}, {"model": "contenttypes.contenttype", "pk": 16, "fields": {"app_label": "subscriptions", "model": "follow"}}, {"model": "sessions.session", "pk": "18ayxcfowh0n53kz3td4omh6ft0i1zj1", "fields": {"session_data": ".eJxVjDEOwyAQBP9CHSHMGTAp0_sNCO6O4CTCkrGrKH-PLblImi12ZvctQtzWErbGS5hIXEUnLr9divjkegB6xHqfJc51XaYkD0WetMlxJn7dTvfvoMRW9jUky2kgo50HQtizy70xGS0gge-HHmxmJiRjNHtyFpVl5ZA1qIxJfL7mXThI:1oB35z:OUeaPdBj5QRcjx0vu84mA49QC6XGvcWA_gLAoqt-BQg", "expire_date": "2022-07-25T23:45:43.003Z"}}, {"model": "sessions.session", "pk": "c0xjyk7od5u5saphghs6xz2ey6g1z6lj", "fields": {"session_data": ".eJxVjDEOwyAQBP9CHSHMGTAp0_sNCO6O4CTCkrGrKH-PLblImi12ZvctQtzWErbGS5hIXEUnLr9divjkegB6xHqfJc51XaYkD0WetMlxJn7dTvfvoMRW9jUky2kgo50HQtizy70xGS0gge-HHmxmJiRjNHtyFpVl5ZA1qIxJfL7mXThI:1o98tV:udva4FGlNPl-O9mnFqu7D_2H6UZgoFH_gjF4diYcF9w", "expire_date": "2022-07-20T17:32:57.495Z"}}, {"model": "sessions.session", "pk": "pqahkdkwi1mmx54doartfb89cs1l5736", "fields": {"session_data": ".eJxVjDEOwyAQBP9CHSHMGTAp0_sNCO6O4CTCkrGrKH-PLblImi12ZvctQtzWErbGS5hIXEUnLr9divjkegB6xHqfJc51XaYkD0WetMlxJn7dTvfvoMRW9jUky2kgo50HQtizy70xGS0gge-HHmxmJiRjNHtyFpVl5ZA1qIxJfL7mXThI:1o0i9X:4Af_g_mnzQ8iwm6rVa6Rez_CY_kGad2bX-UBM5wgQpA", "expire_date": "2022-06-27T11:22:39.918Z"}}, {"model": "sessions.session", "pk": "tx8x4xpj7nm6jydpp87wqqdxek5sig7z", "fields": {"session_data": ".eJxVjDEOwyAQBP9CHSHMGTAp0_sNCO6O4CTCkrGrKH-PLblImi12ZvctQtzWErbGS5hIXEUnLr9divjkegB6xHqfJc51XaYkD0WetMlxJn7dTvfvoMRW9jUky2kgo50HQtizy70xGS0gge-HHmxmJiRjNHtyFpVl5ZA1qIxJfL7mXThI:1o30oe:_EdUNF65Sp2amlAbubB5KHL_5YqhUFG0AcWvpwe6qT8", "expire_date": "2022-07-03T19:42:36.575Z"}}, {"model": "authtoken.token", "pk": "173ae36af297d4793d6cc85bcea41f35e3dea3cc", "fields": {"user": 2, "created": "2022-06-13T11:22:04.517Z"}}, {"model": "recipes.tag", "pk": 1, "fields": {"name": "breakfast", "color": "0x01", "slug": "breakfast"}}, {"model": "recipes.tag", "pk": 2, "fields": {"name": "lunch", "color": "0x02", "slug": "lunch"}}, {"model": "recipes.tag", "pk": 3, "fields": {"name": "dinner", "color": "0x03", "slug": "dinner"}}, {"model": "recipes.tag", "pk": 4, "fields": {"name": "fastfood", "color": "0x04", "slug": "fastfood"}}, {"model": "recipes.ingredient", "pk": 1, "fields": {"name": "cereal", "measurement_unit": "gramms"}}, {"model": "recipes.ingredient", "pk": 2, "fields": {"name": "milk", "measurement_unit": "litres"}}, {"model": "recipes.ingredient", "pk": 3, "fields": {"name": "sausage", "measurement_unit": "items"}}, {"model": "recipes.ingredient", "pk": 7, "fields": {"name": "sugar", "measurement_unit": "gramms"}}, {"model": "recipes.ingredient", "pk": 8, "fields": {"name": "flour", "measurement_unit": "gramms"}}, {"model": "recipes.ingredient", "pk": 9, "fields": {"name": "eggs", "measurement_unit": "items"}}, {"model": "recipes.ingredient", "pk": 10, "fields": {"name": "apples", "measurement_unit": "items"}}, {"model": "recipes.ingredient", "pk": 11, "fields": {"name": "bread", "measurement_unit": "batons"}}, {"model": "recipes.ingredient", "pk": 12, "fields": {"name": "cheese", "measurement_unit": "gramms"}}, {"model": "recipes.ingredient", "pk": 13, "fields": {"name": "ham", "measurement_unit": "gramms"}}, {"model": "recipes.ingredient", "pk": 14, "fields": {"name": "ketchup", "measurement_unit": "drops"}}, {"model": "recipes.recipe", "pk": 1, "fields": {"author": 1, "name": "porige", "text": "кашка", "cooking_time": 5, "pub_date": "2022-06-13T09:48:46.808Z", "image": "", "tags": [1]}}, {"model": "recipes.recipe", "pk": 2, "fields": {"author": 2, "name": "sandwich", "text": "сэндвич", "cooking_time": 6, "pub_date": "2022-06-13T09:49:51.363Z", "image": "", "tags": [1]}}, {"model": "recipes.recipe", "pk": 4, "fields": {"author": 3, "name": "applepie", "text": "Яблочный пирог", "cooking_time": 45, "pub_date": "2022-06-19T19:43:27.246Z", "image": "", "tags": [2]}}, {"model": "recipes.recipe", "pk": 51, "fields": {"author": 2, "name": "tost", "text": "тост", "cooking_time": 5, "pub_date": "2022-07-06T17:43:56.355Z", "image": "", "tags": [1]}}, {"model": "recipes.recipe", "pk": 52, "fields": {"author": 5, "name": "buterbrod", "text": "бутер", "cooking_time": 3, "pub_date": "2022-07-12T18:58:10.354Z", "image": "", "tags": [4]}}, {"model": "recipes.recipe", "pk": 53, "fields": {"author": 2, "name": "Hotdog", "text": "Невротик хот догу, невротик хотдогу", "cooking_time": 10, "pub_date": "2022-07-12T19:34:41.111Z", "image": "recipes_images/391313b7-4fc8-47e8-b0bb-689489cad5ff.png", "tags": [3]}}, {"model": "recipes.ingredientrecipe", "pk": 1, "fields": {"recipe": 1, "ingredient": 1, "amount": 1}}, {"model": "recipes.ingredientrecipe", "pk": 2, "fields": {"recipe": 1, "ingredient": 2, "amount": 1}}, {"model": "recipes.ingredientrecipe", "pk": 8, "fields": {"recipe": 4, "ingredient": 10, "amount": 3}}, {"model": "recipes.ingredientrecipe", "pk": 9, "fields": {"recipe": 4, "ingredient": 8, "amount": 200}}, {"model": "recipes.ingredientrecipe", "pk": 10, "fields": {"recipe": 4, "ingredient": 7, "amount": 100}}, {"model": "recipes.ingredientrecipe", "pk": 11, "fields": {"recipe": 4, "ingredient": 2, "amount": 1}}, {"model": "recipes.ingredientrecipe", "pk": 36, "fields": {"recipe": 2, "ingredient": 13, "amount": 10}}, {"model": "recipes.ingredientrecipe", "pk": 37, "fields": {"recipe": 2, "ingredient": 12, "amount": 20}}, {"model": "recipes.ingredientrecipe", "pk": 81, "fields": {"recipe": 51, "ingredient": 12, "amount": 20}}, {"model": "recipes.ingredientrecipe", "pk": 82, "fields": {"recipe": 52, "ingredient": 11, "amount": 1}}, {"model": "recipes.ingredientrecipe", "pk": 83, "fields": {"recipe": 52, "ingredient": 13, "amount": 1}}, {"model": "recipes.ingredientrecipe", "pk": 85, "fields": {"recipe": 53, "ingredient": 11, "amount": 1}}, {"model": "recipes.ingredientrecipe", "pk": 86, "fields": {"recipe": 53, "ingredient": 3, "amount": 1}}, {"model": "recipes.cart", "pk": 2, "fields": {"user": 2, "recipe": 1}}, {"model": "recipes.cart", "pk": 4, "fields": {"user": 2, "recipe": 52}}, {"model": "recipes.favorite", "pk": 15, "fields": {"user": 2, "recipe": 1}}, {"model": "subscriptions.follow", "pk": 11, "fields": {"user": 2, "author": 3}}, {"model": "subscriptions.follow", "pk": 12, "fields": {"user": 2, "author": 6}}, {"model": "subscriptions.follow", "pk": 13, "fields": {"user": 2, "author": 1}}]